"","y","","","","","","","","","","","","","","","","","","","",""
"1",-1,-1.18491119266126,0.0630643016249481,-0.125810039986275,1.04085475706031,-0.659534243421505,0.444285726440371,-0.897310596162085,-1.42461546224851,0.0640851641745709,-1.0847348713943,-0.744578902853326,-1.67945793486374,-1.44732731716498,-0.213018651899159,-0.795591768976339,-0.71129411473703,-0.510774165936733,-1.38675007773088,-0.995218921780171,0.082854579959844
"2",-1,0.0708787036168482,-0.488354651187705,0.730482549170366,-0.721885076014379,-0.152520531436852,0.55282222899659,-0.650844558729194,0.137747817082285,-0.588578896881217,-0.438772958253485,-1.26166679226526,-1.63187107032014,-1.26286503934452,0.476337215212875,0.692092528563743,-0.0354664240184004,0.462161616576278,0.332052659572746,-1.05277320139116,-0.122056396081085
"3",-1,-0.022732393155328,1.54962510965714,-1.16894977234314,-1.01979454820936,-0.406085247907138,0.686027980145246,-0.663770177163859,1.16718888709513,1.27755792666115,-1.4883411111726,1.80474167728965,0.789219999567235,-1.62091120272038,0.00948319279643271,-0.37955619499611,-0.573406732204674,-0.663331848491183,1.0748569270566,1.67552927112684,-0.0103829794075196
"4",1,-1.35596928957731,0.319692546268959,0.784239503398023,-0.0601232972449012,0.374747671610045,-1.14173834821026,0.187251920345245,0.88243016419276,0.176691195765456,-0.197326072692905,-0.19856690775466,0.963682577705491,-0.760418382538536,1.19528750697417,0.576221363655553,0.57555905099911,-1.36197424346624,-0.164921580926605,0.642101491440308,0.0235947454542297
"5",-1,-0.0261845110477079,-1.36254263713676,-0.22736322293429,0.901087319090317,-0.315278503725863,-1.15150827371869,-0.60179555225958,3.09979081795553,0.643125558719862,-0.440971509632266,-0.38237454541079,0.244766102258703,-1.54730864273366,-0.502965213741851,-0.537484315039423,0.140693754000572,0.126652472177899,-0.439208573724467,-0.847478473866342,-1.2719871153539
"6",1,-0.313184518486302,0.698183924522854,0.36481703405103,0.825100183638966,-1.48811829042026,-0.237838879570661,0.73032989805544,-0.274984193442054,-0.153115663157339,0.592481054020396,-0.897282317439706,-0.268080848279342,0.189883947690389,2.25312418374549,-2.17112150531597,-0.536095279288626,0.367296113709713,0.610428190435788,0.418314473433469,0.743225115377697
"7",-1,-0.0915800585887245,-2.34101056315283,-1.02127999616397,1.29285099372503,0.718440420605513,-1.84462510398372,-0.42437110808725,-2.20952234940654,-0.29407212676869,-2.38770654149972,-0.482032634532106,-1.54821836137791,-0.665348750990901,-1.65097938648165,0.689459006151086,2.14268574642091,-0.216364777167382,-0.0177890102267963,0.950331067088955,0.236048715789337
"8",1,-0.508084804950982,0.701331546165137,-0.135759734969783,-0.208149267096246,-1.72526789584619,-1.21010186293592,0.577436530215712,-0.0369906865237497,0.738017272023762,-0.966534195950534,-1.31260383108092,1.47313279257828,1.32407013003037,0.0872871091475533,-1.10792596332633,-1.20176451556277,0.714064502504275,1.0594094110598,-0.325171024399957,2.74829166011869
"9",-1,-0.638699888124871,1.63515108535182,-0.720610435002724,0.842906765663793,-2.13706959289297,0.0143261822286005,0.540334145442924,-1.20894882870004,0.561631597398028,-1.01704811342726,-0.228020682448693,-1.05513011593806,0.242097681375522,-0.701604665936398,-0.308134329478752,0.683755496797062,0.853744214932469,2.50954461088993,1.59925960925526,-0.283087454178867
"10",-1,0.972340320649615,-0.917587675443302,0.3060393979586,-0.630741946449934,-0.172553451857165,-0.00194939767733417,-0.778859017540114,0.152073592406625,0.150426685102105,-0.00951915701619992,0.678288699708675,-0.651168885157066,1.96583625526907,-0.373306870405406,-1.99699640873656,-0.353688886290198,1.87819357991503,-1.20884211102549,0.136129792605117,-1.66389256764477
"11",1,0.0686890893613238,-0.00369754178740871,1.85351970861727,0.102868237694353,-0.496295194183393,2.59343071636908,-0.491818436695084,-1.44722080630061,-1.78635400621682,-0.573422944796455,0.393395504355289,1.58756639675549,0.29343692143282,-0.882279731075999,0.316136906171011,1.33281941253248,0.357597745654201,0.47879971631747,-0.194211130778477,2.2697972894819
"12",-1,-0.605543075771679,-0.220068598789432,-1.82126578947099,0.0310941058678021,-1.05575043606659,1.13439677911473,-0.201871856889554,1.12296734088844,-0.138430538002606,0.285783113749802,2.05210886377241,1.78390492513736,2.17555467002498,0.515619360728264,0.288104103978306,-0.405306046806238,-0.734623587311919,-1.11470114161608,-0.337255290709627,1.62014129889056
"13",1,-1.47919742083387,2.4565179475319,0.671616396485194,-0.227516455838014,1.15097033348753,-1.06852826138923,-0.780279176780827,-0.200857060338094,0.471753499325515,-0.489574130261057,-0.168833201374028,-0.249225008896401,1.66217527167333,-0.635170191460488,-1.53298074307089,0.263871721711277,-0.900069173525683,0.757178618270383,0.324437248934108,1.33455780973917
"14",1,0.390470803204336,-0.0389800049114794,-0.817060325568397,-0.270207705331671,0.87526968171464,0.220831382462088,0.171817372091729,-0.696926340788474,-0.134276261563225,0.384237882219855,0.931240058121796,-0.185211391481938,1.14689790810429,1.87609670852047,-0.896258980866531,0.229877588663931,1.27357023634148,-1.49962531255583,-0.473257366431839,-1.20711067652795
"15",-1,0.706544221090234,-0.647772551018584,0.787737762601937,0.249421653783915,0.947760767487188,1.81835379325966,0.363668244356254,-0.401518439335972,-0.95072081996933,-0.370660902478484,0.585827120212356,-0.892685152619262,2.00370689245969,0.228544461934394,0.35481373868233,1.45217820476372,-0.462184457747491,-0.610156639659064,-1.32337163245833,0.760952059163198
"16",1,-0.0171529931023485,-0.123414473789186,-0.830630573763372,-0.268923905624587,-0.623815591958101,0.689231912959082,-0.306443335899398,-1.01808151034437,-0.723267388198661,0.0394274551901433,-0.290153717969945,-0.0455530111238302,-0.863528971064303,-0.143405949173964,1.21672368483174,-0.446994230027449,-0.351317561107394,-0.0260095703614764,0.000931386153124258,0.819340192863968
"17",1,-0.378434576757578,-0.0988193679405931,0.272540977975382,-0.143511385338383,0.506218239862532,0.31403167469526,-2.48152742370401,-1.46022045098088,-0.451895833473565,-0.635490487112903,0.64095201034865,0.919043330080048,0.44004388859668,-0.434034471195663,-1.31650966091407,0.419869894118228,-1.13584359416382,0.757608215891584,0.232620452383998,-1.27817950023688
"18",1,-0.349066299649206,-1.17919287341079,-0.186691928597524,1.30224683184758,0.11928156241391,1.165227565609,1.41445960639219,0.0033992897109217,0.487255534891861,0.408571572103367,0.755579623762887,0.341324223518837,-1.57544359052994,-1.4232054681701,1.27197122762749,-0.565709218512252,-0.332324856913908,2.19092747276958,0.0188048791238096,0.211160447602847
"19",-1,0.0613098563333608,0.12118428361547,-1.84499925410248,-0.451027573053771,-0.533900388116249,-0.167435690584361,-0.646494771783391,-0.778696367535062,-0.746176512964043,-1.00810215640124,0.517578789316956,-0.150664822249927,-1.3154408402099,-1.46646413338985,0.563839755402308,1.23245702377333,-1.59827408015723,-1.6449180716688,-2.27930702294933,-1.01413262920167
"20",1,0.909178409385085,-0.771151886596763,0.480156304037931,1.37364713118991,-0.454894098129772,-1.44174210972737,0.993945119210753,-0.456945968823672,0.200961807033118,-0.0638452678555529,-0.967284857738072,-0.591131917780408,-0.68923933062391,0.678112449227806,-0.229050221928772,-0.508011168359,0.0379938835112151,0.0289567175184884,0.104118231724508,0.185707406991218
"21",-1,0.329932023526833,0.368170544919529,-0.0437692223309007,-1.19968377366472,0.039005917948768,0.890308437175017,-0.842853197596915,0.691024974143827,0.321438609050957,-0.507568232631582,-0.612289665165284,0.417631641485133,1.56489597791974,0.299819055340782,0.945288307496111,-0.222780701415628,-0.910932475520969,1.3466087221239,0.195202590255024,0.948187507748456
"22",-1,-0.961917341855288,-1.39748160600404,1.16046920598465,-0.425081148637553,0.554682753261473,0.136750847403107,0.48694431845712,-0.0952853877807371,-0.404546993631091,0.745898846302537,-0.990569423935532,0.789227451675424,-0.0160305857950342,-1.46313260900087,1.87040256595963,-0.595329334790098,-0.486641366358019,0.0772287706043229,-0.976030530908545,-0.275885645496746
"23",1,1.24636722783121,1.9056009585833,0.936882929232375,1.2675442432849,0.405155315508946,1.37824646490639,-1.55705079329906,0.364863549552333,0.653075643912194,-0.14628294632585,1.30989236957852,1.28235558674341,-0.796981199181847,-1.32290169817685,0.688983593383597,-0.0592424734202768,-0.685330994896455,-0.891924372772836,-0.215653065197409,-1.88984438740362
"24",-1,-0.0807360868386977,-1.84457951258865,1.08249247352211,-0.769176004491365,-0.612912703795634,0.623764476776312,-1.44514279898204,-1.21547122113851,-0.315221435031912,1.36654873774306,-0.691341127088222,-1.52967804492106,-0.876114717722937,-0.71473606249487,-1.41814040521723,-0.81076035174958,0.635489349058287,-0.258051396513388,0.747348198011032,1.35286473453208
"25",-1,0.260767390521377,-1.88227509048778,0.0624726697886911,-1.60357870629858,0.809452386245893,0.336351025923688,-0.146728436025097,-0.253354063687979,1.22081085859765,-0.0938207599920382,-1.25669257612267,0.0481398296581214,0.00134799939967924,-0.722504872118711,-0.950812879231791,1.02124412858415,0.759704346505768,-0.335306867293351,0.84917518753791,0.0670942428356267
"26",1,-0.630747041733842,-1.62701993726804,-1.13258225922926,0.384484312501308,-0.729386960698626,-0.777329524688978,0.78728511855742,-1.74646438064629,0.351148335323159,-1.00910876232786,1.5939931193736,-0.79963789163368,-0.847381384617778,-2.39089326190593,0.27919031267335,-0.681509704294936,0.405712783595524,-0.989827082181868,-1.4907728476987,0.17315764092597
"27",1,-1.07529236756352,-0.320906946151171,0.883012532646323,-1.64302680170474,-0.16246667184469,-0.775100343600691,-0.920922687107477,-0.275419303818351,0.244036331089611,-0.0400816728123877,-2.2544138407064,-0.98722321783987,0.472804832819282,1.30917255385005,-0.875603756914679,-1.2959850092562,0.347075970449887,-0.30909322172138,-1.99711378475256,1.04617906210707
"28",-1,0.492316788317779,-1.02977854341547,-0.330838461703234,0.42970286030323,0.2186138259866,0.866079772317665,-0.540841562535881,-0.403759328246858,-0.193975879304632,-1.00504591778388,-0.179195619082327,-0.709634025230443,-0.592749181654986,-1.83073266434565,-0.68480263215504,0.4578922258324,-0.484257949580204,-0.0166573847853507,1.16132691234614,-0.84899488565302
"29",1,0.638712014342638,1.33120293913062,0.579895623303329,0.65408115441007,-0.179724310446351,0.591016651667638,0.663340477862361,0.671525497968143,0.42701279338683,0.294511979329152,0.206237185192892,-0.8296870150741,0.581266585614536,-0.61553816322168,-0.848596650644955,1.59978992717385,-0.0635914063904816,0.74723291745154,0.6798136533232,-0.703688997870632
"30",-1,-0.379158971850117,-0.801683440766969,1.23326308380934,-0.104467599899359,-0.694096695555096,-0.410566846838456,0.244055481405875,-0.507344543494683,0.450990029129043,-0.31375182888132,-0.69605748253759,0.801711488461949,-1.59339791876882,-1.91211801692576,0.696979991408669,-0.832933198097531,-1.07563113961984,1.07047052068619,0.569114150589413,0.312927281454282
"31",1,-0.343417106774887,-2.67847570864107,-1.00720592097657,-0.324858847550194,-1.07402839952344,1.29383416999689,-0.379027873688015,-0.829264701055701,0.724155757198986,-2.34895231746895,-0.132994177066534,0.455544534500087,0.330902125465558,0.492104530247522,1.69242257208261,-0.880587606939423,-0.276963014737217,-0.52386185480968,0.553167047970702,-0.563401376819822
"32",1,1.54362608279843,0.534361307942174,-0.502050384180531,0.287759909453098,-0.608986138988585,-0.139146686615019,-0.890450938954255,-1.55753758559696,-1.04842887142463,1.0865820029606,0.0756434497521671,-0.528053335301946,0.618635475460378,-0.520726282344811,1.4487495176145,0.431674378345332,1.08174441068826,1.07757500899018,-0.15415035036942,1.4351525301859
"33",-1,-1.3355452068986,1.42883876065041,-0.669822061736926,0.766378724985849,-0.615965860458772,0.392635527955479,-0.29371046226014,0.673571934705249,0.0243653267407645,1.57607278200611,-1.02120325627439,0.287820912386447,1.43093265339584,-0.298424327151098,1.43767094073795,-2.23231596604098,1.22964203513447,0.424961622966863,0.119019855358157,-0.492332287961647
"34",1,-1.67308178218447,0.12153250726065,0.522542804795646,-2.71975855326913,0.049252498582149,0.16354265736053,0.745653913515721,0.00949923396262515,-0.254171023945964,0.242252278493885,-0.939270856916714,-0.12152626691407,-1.22974064120567,-1.00743991557305,1.18406634670044,-1.40557153803239,-0.949026956294142,-1.04484912020648,-0.501469380593768,0.212363165043161
"35",1,0.466141117825069,0.525037337745097,-1.91885347629167,1.31879470218214,1.53689165176171,-0.927359875801985,-0.99185198148323,-0.650392067942618,0.794911728803155,-0.75586711759407,0.243970791913139,1.2358408419527,0.647180193149161,1.5895603880716,-1.52075173754072,-0.30210031433169,-0.363617821145615,-0.515952256597324,0.603057946542777,0.871755072023992
"36",1,-0.142151478519364,0.174010236250516,2.4049520059141,-0.116087747812601,0.410032433784135,-1.80747555851583,-1.10587740492456,1.2794342415413,-0.267466152476004,1.39051758057462,1.44451595588399,-0.0459112948601876,0.549614391563087,-0.810612305956484,0.918017398377992,0.599022121450193,0.280471837970354,0.273138930910272,0.143470532801039,-0.456878735835966
"37",-1,-0.0283006010459258,1.13020441871464,-0.938203334201987,-0.302371412003704,0.558062408827203,0.990693934705265,1.29689600439651,0.335778502228817,-0.886850178653458,-0.820400076184969,-1.36033208819433,-0.203303567311683,0.0676276670322502,-0.79993573100897,1.04097049034717,0.262754951606188,-0.474026457975607,-0.322419908032535,0.11808043825363,0.860120791925771
"38",-1,1.54525587756653,-0.579320862144473,-1.2675818512633,-0.403333694899485,-1.31002098095553,-0.640575201048358,0.00137915398394289,1.13164775577499,1.0879629364427,2.20536035898352,-0.833472644128093,-1.05432541237216,0.44414310261491,-0.297426808935455,1.43651016271949,1.89489633321851,0.417910758575514,0.442258095832766,-1.03123640791511,-1.44727740333837
"39",1,0.763665646657367,-0.489116873539549,0.649832764464174,0.200720578883273,-0.677110390328142,-0.748608345037338,-0.216870153217886,0.607803019631506,0.85124621889179,0.598863351125336,-0.148267480887082,0.90276497868861,-0.841125369196194,0.720471988293033,0.224278084563341,0.750889471680068,2.65955493468526,0.584248764641281,0.483566382717789,-0.532977980234585
"40",-1,-0.633382079304577,-0.315812615864191,-0.30443420482137,-1.01254654772297,-0.424106921114792,0.443155805577216,-0.881358407442181,0.849899286143315,-1.76143161684385,0.672134611617841,-0.180582581627285,0.503735209456612,1.75217927764142,0.450296919604183,1.20761646721955,-0.509326652669589,-0.195742659020307,-1.07407590471981,-0.818514807539657,2.21916358836596
"41",-1,-1.07831396456434,1.05088007894953,-0.464498906065231,0.13861369150061,0.444169641172485,-1.19582892808912,-0.0584691925893423,1.50048010610987,1.36868692131169,1.60907483308288,0.141731280924601,0.101074013464193,0.106625954685213,0.966388441883858,-1.46678427226658,-0.402508794788931,1.36498456301182,-0.196694054093126,-0.594837225522528,0.479704041935259
"42",1,1.37222317348215,0.357303759962704,0.36845669822074,0.216332108849524,1.06393998537215,0.870356659251255,0.772957962900632,1.61439045907649,-1.19811234514397,-0.67648149298452,-0.591776109076002,1.40924721368703,-1.17483780096216,-0.430885802831265,-1.85475727590445,-0.681700705609838,0.35657613854203,1.13995930605283,1.98496056723356,0.871069242393126
"43",-1,1.35732970042758,2.97181892533835,1.64975741615726,-1.18948669033365,-1.61634400872879,0.817080667118168,-0.487487997738147,1.50203846950284,1.5419181803558,0.20413543505296,-0.847399533459358,-0.497628719926833,0.519701172797281,-1.26809372316116,-0.0136116265027303,-0.711540773226785,-0.0212147999331968,-2.92066639815471,-0.658085737121208,0.274769191387204
"44",1,-1.05810430436286,1.04843436158447,0.86005699406802,-0.0194649759294715,-0.0801084145856507,-0.0818777953723952,-1.51833596043382,-0.24303199075026,0.380708248381437,-0.68210788523706,-0.222833821497947,-0.327376950071477,0.133065475943175,-1.35574147476057,-0.0148159105509316,-2.12428043302319,0.333363839107101,-0.236067591003173,-0.626503634386854,0.951631046679672
"45",-1,-1.55924559403091,0.440651596830256,-0.612551440872257,0.899408840033485,-0.568565718894667,0.588663227991184,-0.257323712094393,-0.63314431311173,-1.29432166485358,0.287973968051699,-0.776435596884717,-1.16729933194885,1.07536118492673,-1.59420446684042,-0.849525867904258,-0.412264398431835,0.25590840542528,0.625251678465799,-0.040734698665366,0.370637297061666
"46",-1,0.743268838592075,-0.137329011516891,0.197916839723748,-1.77333684653651,-0.449073283330423,-0.458455608798323,0.526271472317207,0.386082565165207,1.0258465655601,0.0116196110881723,-0.651402600655203,-0.512215649197155,-0.63277520866323,-1.3606219890964,-0.790548074106483,0.187683519195569,-1.19050194772083,-1.4111350565412,-0.700734417977941,1.20571840152962
"47",-1,1.5685805888315,-2.14098052727654,0.738679706069151,0.183562842907591,-1.69020812577887,-0.60948485044019,0.900343785498441,0.358339447771632,0.287510196296543,0.195771848002728,-1.4366632503218,0.086046899594474,-0.866002999403048,0.694303486566598,-0.287626399245183,-0.262820931159737,0.26603534507301,-0.711501864167104,-1.95587549941237,1.39978988105918
"48",-1,-0.979075872944877,0.427609667198821,0.440431180879761,-0.0593549039602001,0.856033674492024,0.559479900724987,-0.753136420002898,1.13640658916906,0.484982380259685,0.340262473601049,0.0842131963254389,-0.588897071635704,0.00340173877764732,-0.152906947789923,-0.67676837855687,-0.704250666005361,-0.882683708243141,-0.618733875808818,0.168459127591974,-0.373959330785057
"49",1,0.380918687419323,-0.0124361607469697,-1.58184101902601,-1.27399046166514,-0.502860673768154,0.708477267120425,1.45237959057396,0.570163698961679,0.562930420697339,-0.0389068678342755,0.0156075339049914,0.261365947748998,0.430073726923161,0.666298123512022,3.44719670400348,-0.972766898145348,-1.33249248274836,-0.344713845984968,1.66708882283299,-1.40021337276109
"50",1,0.391282074820729,1.07962407712272,-0.680143175723359,-1.04948464236587,1.73213076329281,-1.63920714781948,-1.47615426545068,-1.21541289903286,0.656219516473161,-2.53272284361215,0.503885558395773,-1.63823990692376,-0.719276300728977,-0.298680452303301,-1.12808408444611,0.316090725125557,-0.0918894940849612,1.12727557998924,0.146598901369704,0.254285248814715
"51",-1,1.08415040900934,-0.968057113073927,-0.159701079460318,-1.90715384033522,-0.311621347966614,-0.189170021781234,1.26231312998779,0.45406821103327,-1.11391496969983,0.92210812874289,0.834812157344929,0.743513977288352,-0.0659242058906459,0.79596990790551,-0.806924849263789,-0.719801573679981,-1.22069385882202,-1.00851993036577,-0.21147921330067,0.0385223435968683
"52",-1,1.28140755961237,-0.75074697138622,0.693873486144885,-1.1535363004942,0.339357682057296,0.149361712095291,-2.40560850573079,-1.14017748737616,0.943385493095499,-0.946216047488308,0.559134147788745,1.9381852936801,-2.32542176468615,1.08927050584222,1.31750109836423,-0.979278124284035,-0.222411391945229,1.37843718943708,-0.0430362105546062,1.7004113611174
"53",-1,-1.04820913610601,-0.632121446844705,-2.24853466727861,-0.319097457837467,0.119076323988661,-1.65475690173633,2.31235897981397,-1.36937833400682,0.00227733115280425,-0.993666633438674,-0.769053169557955,-0.0375442570324905,1.0744991209778,-1.0317060658742,0.430863324757361,-1.03497000837811,-0.213818078826513,0.237412007978515,-0.0950092954186697,0.649485316445153
"54",-1,0.243942586061986,1.290408907143,-0.179467754585732,1.49801769178147,0.321844177394839,-0.950102719430931,1.95330932577828,0.970119026341126,1.54182223981256,0.231864021838112,0.325530776137595,1.29024397364822,0.293380748876311,-1.07265808222054,0.265503144170569,1.12808521288637,1.70101348625561,-2.11938380764192,-1.52536435629619,0.959909192117485
"55",-1,-0.468742818200964,-0.52382240709212,0.470564256367276,0.163805007108234,-0.285876158630209,-1.81685297097216,0.288269022933874,0.49458301860598,1.03403570255573,-0.919925088028821,-1.49119774363498,2.06291373719837,0.410102432978384,0.217894487280518,-0.68549613151728,-0.179818532771031,-0.0302652302147848,-0.310200272251003,1.84003301054472,0.177988831830932
"56",1,0.267258647843029,0.275431833318255,0.219639407459012,-0.887961259471396,0.79058934589909,-0.163627655517769,0.753501492751186,0.357659409945168,0.29387544018808,-0.873398645549441,1.14539856089816,2.29833988163624,0.209437343615004,1.18169543110382,-1.38307896665995,-0.894359500724981,0.419441831366144,0.84849180234501,-0.00278265102308708,0.588168135477499
"57",1,-0.186719070962616,-0.445335969818002,0.515646376775175,1.01704307889593,-0.133622215821702,-1.72002911071325,-0.530032340047191,1.31084971324007,-2.28169203609515,-1.5213161446473,0.554446083617958,-0.73665418620183,0.409178622216363,-0.738840274835263,2.19549092287506,-0.500167624618376,0.0556506190187252,0.65418512733018,-0.282043790939256,-0.0684160370228383
"58",-1,0.0773780204851064,-0.381432304644152,0.0124773545808278,0.540257725375737,1.5696970958503,0.0345717685503632,0.876177222521058,-0.964762475525925,-0.37642627992005,1.1970183865292,2.05061381406539,-0.984832456568767,-0.0260860931241187,-0.443181500782538,0.773063324534865,0.930935207470916,-0.0686412670649956,0.222217965580381,-0.883254416049453,0.270628778082438
"59",1,0.0656526495208398,-0.551937627742507,-0.280157134193586,0.391081593647422,0.673936610982923,-1.14348597187361,0.554842051940864,1.42219041325427,-0.884449087429501,-0.79079252333111,-0.432819833979343,-0.813393347821374,1.30180761776367,0.391626071629125,-0.888514033754796,-0.454315152908355,-0.998607760813925,0.0286018416281866,0.073005740617278,0.993956226442566
"60",1,0.735748789898222,-0.773934960236451,-0.915139243141781,-1.29506839474888,0.426510380886036,-1.30665825489683,-1.10107451040917,-1.10685043525676,-0.917980475157423,-0.542244747349357,-1.81776209886418,-0.594794225141241,-0.882652182358613,-0.408930342046083,-0.402658792467096,1.58493739680875,-0.60945264902717,0.866087645522111,0.362545304051726,0.637658535403557
"61",1,-0.349733881214207,-0.667609847051614,1.23302200243839,-1.6425924988071,0.318057328559217,-1.66426447026422,0.291762324851204,0.123702447666534,1.49022620268011,-0.695813935874996,0.243973763781359,0.168134279785719,-1.05068803952236,1.0205556110542,-0.43868495088687,-1.00396939592281,1.02430055207277,-0.898573295476754,0.616180144717283,1.12083366539314
"62",-1,-1.14997014727378,-0.7090565896201,-0.446425358907638,0.0439364452884967,1.08138838993922,-0.804346402677609,-0.837946404663126,-0.614563456597736,-0.103210904826285,0.538859678087312,-0.4828417681785,0.659343311791291,-1.56812039159359,-1.84583310732427,0.634224795660769,-2.90032338162061,-0.418583849184136,-0.927204352875699,-1.70350155288269,-0.309975232070395
"63",1,-1.20551738360095,0.692224169840693,-0.403027273013578,-0.571923729924759,0.137526919864965,0.674903262399531,-0.631407542147299,-1.43046889063404,-0.1768892552024,-0.189476357945456,-0.693648728587827,-0.190425630284135,-0.613029999283032,0.675221210941371,-0.22359955701891,-0.851279154235967,1.32357416261,-1.13390159161953,-1.44339769042683,-1.21283056181629
"64",1,1.06916443270388,-0.619352864311803,0.554059167418286,0.198567243455303,-1.11821062747902,0.516940379081425,0.375367213443067,-2.60250558054008,0.116702544632353,1.54717314400389,0.145366302569967,0.21197882453467,2.64709820472369,1.16990527655028,-0.308778925179294,0.035942962005619,0.319186058682227,0.961374396599896,0.231796855798197,1.05806639789292
"65",1,0.453250316855768,0.896499246347886,0.314326510274656,1.21697874797396,-0.223773599711254,-0.45078426989463,-1.61709699644842,-0.786823667305062,-0.208996857002553,-0.843034987885121,0.470714143319385,-0.4648989984839,1.19487977411708,-0.42200637350316,-0.35057494406006,-1.18760680161547,-0.132330463061881,0.622627035990001,0.401377050751263,0.54805277360732
"66",-1,0.596081067845777,0.281391607489206,-0.536898617991451,0.387580194617512,-0.587876899831255,-0.41749690302841,0.91858495181868,-0.00450917558912135,-0.15743647679687,-1.1978952898402,-0.889714512312942,-0.750559183509112,0.667873120760303,0.309457123520478,0.247154231310198,-0.986481315692972,-1.21497653340795,-0.565368901782475,0.673037065548007,-1.42450341197713
"67",1,-1.13126625799349,-0.0182928112734757,-1.01310615082975,-2.46302194791886,-0.266953399965932,1.15146981979292,0.982569572940253,-2.01204847699441,1.08363236683627,-1.58373771873516,-0.693203805967102,-0.325482420851193,0.270350107925352,-1.18699165078447,0.287938811258365,-0.99317559620073,-0.909084921688108,0.217923194098908,0.780206077131294,0.145249615293099
"68",-1,0.21451743476051,-0.627420855370131,0.64359827074186,1.62375457804449,-0.964128324959948,-1.53582453997224,-1.82694613002963,0.506872692931063,0.890271040498074,0.601247682317351,0.0125334266959862,-0.381349899677144,-0.266203249420081,-0.136509492333361,-0.154459591976075,0.0662071035428075,-1.19705665610448,0.526236253003301,-0.0183845973626564,1.33278101808807
"69",1,1.27884789457786,1.42911908199447,-1.28808291929909,-0.690409574763587,-0.463397117909414,0.649519896163674,-0.518000003224807,-1.28247734029359,1.20096769687956,-1.23049971582553,0.135095130041773,0.583389200546869,-1.13966573750096,0.0587845559547351,-0.0815041925495385,-0.629534802060677,0.605515197942791,-1.65044108987802,-0.0210434605203589,-2.41552028046388
"70",-1,1.80148026125943,-0.521199319040996,-2.40986052848786,0.199764468915854,-1.14373181517925,-0.321302168703704,-0.140541327432874,0.045123967769999,0.602955973826973,0.330329407202262,-1.46344788143666,-1.27733024236048,-0.0320811464469527,0.32983141095645,0.183597160885189,0.349861354154506,0.677887863492648,1.47112703951961,0.46428342533024,-0.555450834748435
"71",1,0.909642463489902,-0.302483755760948,-0.10314000843828,-1.28175698480924,0.320031512333456,-0.653903971699028,0.532209938326759,1.04540435489857,-1.10679696561173,0.763112467070846,0.362229114387833,0.238054623917099,0.934205369390755,-0.65222511286552,-3.26004401345894,-0.730180291713834,-0.3356301894823,-0.729522348669037,-2.46369155699713,0.200749610048779
"72",1,-0.435193432728196,0.137920500294937,0.819163175322037,-0.235231622955202,0.0586245571817806,-0.405205896680021,0.669845538667478,0.995212451331936,-0.412344853332062,0.508820061943107,-0.713396819865198,1.1208778343742,0.227357056720589,-1.31205666418466,-0.723640818243462,-0.0814376633232774,0.970477918025265,0.903832947681735,0.386034538161937,0.044119485381122
"73",1,0.809761343572922,0.464246143137471,0.662951890887399,-0.425451660708744,0.163543383656382,0.467989072866963,0.27165202067494,-0.202613916454757,-0.285054531531195,-1.52164293313098,0.0412868258756267,-1.17454069307766,0.0940269432708071,-1.08271201983138,-0.920971441065849,-1.15157387551076,0.37488763491486,0.30912528309927,0.212207328557122,1.18373303419186
"74",-1,0.0982070599460966,-0.125051140581465,0.844763583509836,0.804816263005149,0.306780947021942,-0.845782261574855,1.56896057024588,1.19290133939445,-0.480665487804852,0.338775563189876,-0.100792834190116,0.750351339560162,0.598061089470475,1.25376940161336,-0.343738663666542,3.30027749826562,-0.0925872881949677,-2.76930678755835,0.511745708799997,0.0631910014837115
"75",-1,0.404430380186221,1.3647589475632,0.622351750639755,-0.908633024159506,-0.323041365533395,3.85996889901984,0.148904432104821,2.33695134104849,0.626648473893451,1.28070489573135,0.26733634667967,1.74219600190645,1.59786684853722,0.64114289078398,0.617602402186456,-0.363026674211959,0.84517849211884,-0.806867521269265,-0.464060226869406,1.98961058606816
"76",1,-0.906056979644844,-0.804473863918487,-0.649285031668738,-0.173755844784061,0.375848998341552,1.08397669278418,0.917565830794115,-0.32356379946376,1.06234071270084,0.552606408839339,-0.27447224574751,1.95720036315811,-1.40050180140213,-0.862623778124909,1.2020407639036,1.81372669684699,0.0649947848843751,0.953753515496192,0.133784261731516,1.68962174197796
"77",1,-0.53721993491192,0.768934458225175,-1.02045448739386,-0.0718471686398279,-0.250977349013396,1.06449425232414,-2.24152866640911,0.709564140853946,-0.457380672615973,1.15683002445906,0.893246364517296,-0.42173899922878,-0.787436236856042,-0.652402374018294,-0.580083920766825,-0.266800523511171,-0.692126441229471,-0.873818341248743,-0.750480607659026,-0.320290743782634
"78",1,-0.970349816840575,-2.16673800832455,0.106223434478311,0.198321203391103,1.10985416698236,1.66081685779611,-0.643912470459418,0.0769038848620123,-0.390235558493072,0.672317190266847,0.977953712416803,1.06768505642971,0.719731382951612,-1.50660950980782,-0.38871121144522,0.537301600066747,-1.22191172317846,-0.38197988002192,0.203019109602823,0.874206319977097
"79",1,0.672333142286395,0.102429451433159,1.02082763389753,-0.603980230371722,-1.38381196631893,1.29919286962984,-0.585720969079238,1.2232519766681,0.426794337413964,-1.11197727945042,-0.992502642611871,0.71823792198712,0.858027334555791,-0.273289143147319,1.50706461733317,-0.372056865573802,0.83299325061035,-1.00643301281666,-0.0281873069730967,-0.0558795103414143
"80",1,-1.42899220442971,1.40482294414968,0.784404826094065,0.431647265711631,-0.708400615400287,-0.0888690184394478,-0.500149815508432,1.09308160188206,-0.59273467557274,-0.075814205109611,0.184740401431056,0.221603701092273,0.233138829415909,-1.00626023427241,-0.186042216249976,-0.15583930445936,0.665043124237145,0.0324257048769042,0.028071124089181,-0.185996514285646
"81",-1,0.624036017336731,0.832080244828949,-1.05248344654621,2.47086758073385,0.206458049847325,-0.157333607315481,-0.39973378117841,-1.04769387900177,-0.248162038645239,0.242279571158066,-1.19729686331979,-0.0354191498725676,0.216057853892416,0.871652632511859,0.425270509312019,-0.524944595457249,-0.684171257510642,-0.201232210249068,0.565272322447241,0.246159843283251
"82",-1,-0.0879109671016199,-1.37952834427876,-0.612456766026965,-0.508315257218857,0.879803880953896,-0.436286634116097,-1.24967474777177,0.787419851154256,-1.04014932853486,0.34414928158984,-0.805002489778068,-0.875833797075803,-2.005815964872,-0.472919617446594,1.41865054943019,1.2180190298359,0.36975031584923,1.23716046427468,0.503277700863819,-0.661689594400535
"83",1,0.143511483693807,-0.33815004106274,0.641587669851456,-0.0238786756781327,0.76616545748868,1.4020073225468,2.18919204129828,0.536047546325988,0.646176779723354,0.835415336162053,-2.30623361391782,0.358266383595685,-1.2971197928284,-0.940923253616097,0.146999443013148,-1.55801852048871,1.91611656927219,1.33421427215218,-0.468329121226007,1.47805740503518
"84",1,-1.73458507223789,-1.97728024538102,-0.355955727863944,-1.42090471390375,0.0143254352379693,0.81244969133741,0.430204204005392,0.841678514646582,0.693649072824152,0.75133172855664,-1.055316003381,2.0202232016564,0.00428854684991215,-1.98942373232505,-1.60154102495375,-0.012261962178586,-0.228220125472755,2.02291524891532,0.0374400035778638,0.992688289607668
"85",1,0.165012531244151,0.738202616887021,-1.36549091999477,1.77232758577198,-0.489956199345656,0.709305411911084,0.343770466061163,0.566012407491849,-1.38439195444018,0.43146202325508,1.61590806263563,-0.0871395146348238,1.1302095588633,0.126582436251094,0.547558117352426,1.21317444671058,-0.415611625986245,-0.281467050880898,2.29734184046322,0.204939470050023
"86",-1,0.549136493699931,-0.452912851753951,0.0651169716277657,-0.0670890418693542,-1.50487902556371,0.596379247787754,1.9580225631462,0.129122375613109,0.487112469201394,-1.46015505150936,-0.0803900221194716,1.79760367600794,-1.04911617778488,0.878766388530935,-0.227950362379559,-0.0222022018870747,0.858122683249769,-0.105678207789348,-1.98517123887073,-0.317089782868754
"87",1,-0.0392192937978091,-0.364948605311411,-0.695267853788845,-0.930717629674089,0.597004319802233,1.26256499112327,0.34176840765366,0.143134480387889,1.6372427059373,0.718093255721405,2.08138731259521,-1.12006328647608,-1.43177392986156,-0.442329203445641,-1.4333657770712,0.460800825192089,-1.98813999859276,-0.0209961486107133,-1.34207484924419,0.882659700369723
"88",1,2.10856492595267,1.20217364898614,-0.582531994871724,0.467174680720063,-0.20419218980289,0.0568933582055304,-0.14872568431064,2.53402590912814,-1.29481813863489,0.326306621986841,-0.510533805024224,0.397638764877724,-1.6043977731647,-0.220041161135746,1.334019959315,0.412243810675116,0.755520262728563,-0.507250427807615,0.404231729660318,1.0020892305178
"89",-1,0.136980646630918,0.000722889993069423,-0.125296818898,-0.682624535297386,0.438388806817681,1.09728652440304,-0.629703690679968,0.0298655884020815,-1.44634693857925,-0.808220235629735,0.327591463009345,-0.693868709243003,0.520038111168586,-0.55207747279199,0.349156222893532,-0.786821202126951,-1.51807610381697,0.847642751318066,0.213974735882258,-0.315044702558106
"90",-1,1.49358185810086,0.299718636355541,0.549794653974855,1.60092809648992,-1.92086144393607,1.37071147863717,1.79166750149522,-0.455962370025509,0.492902277234231,-1.0637399793664,1.33182892712108,0.72657369381434,-1.17267261253225,0.147964673621582,0.627704354108664,-1.02426282902032,0.120788822293447,-1.27285336910813,0.638878706670471,-0.0447880748864499
"91",-1,-0.108047970351032,1.17056343595764,0.410024812250779,-0.0731159201948919,0.624828901835017,-0.952705007130742,-0.329689112548763,-0.765176094513742,0.447467620093746,0.929508769414029,1.52441301891683,-0.384351594952235,-0.746543456107338,-0.309340643308997,-0.431264747511845,-0.139209462125503,-0.317991894153547,-0.0702752053900937,-0.910447275345993,-0.493221064422074
"92",-1,-0.79531152690708,-1.56939465557621,-0.974662059606542,-0.782868736924756,-0.957838856934312,-0.838902651405301,0.647498226793785,0.0772829230913879,-0.629168017273435,0.309382151384612,1.07586867841451,1.03194225829785,-1.03640315717187,0.616646215000414,0.378337836093832,-1.81003785210605,1.40615599065008,0.650303916149709,-2.13248737919033,-1.70223268687819
"93",1,-0.091742793383548,0.0804199498212881,-0.804717182784677,0.0899299644763515,-0.297545985145871,0.731320139812647,-0.030963923197414,1.03694346850571,-0.27836210408338,0.036390795800397,-0.257683953579348,-0.649811874144341,0.252673888486483,-0.22726300052333,-1.6656530518021,0.0219002491260394,-1.2023752088165,-1.35372353193814,-0.486262304266274,-0.871087124015797
"94",-1,-1.07626546703283,0.888504409340203,0.437463587914458,1.41302983954377,0.652438475754852,0.358298970227724,-0.470743332938712,0.848128990446209,-0.0178859250523294,1.20739291861236,-0.568967691595916,0.135827937590179,0.134315209732435,-0.188628719129739,-0.273508531840059,-0.671187202724984,-0.795679461476582,1.6611258631111,1.55230679085843,-0.379266190011892
"95",1,0.10690292158571,0.183779353814955,0.567928807342898,0.26613395797054,0.633031907439105,1.40323511609363,-0.640088766305401,-0.155994575178309,0.231565722916659,-0.176854803425172,0.932784595744887,-0.738804924833428,-0.82928256378614,-0.72477225420635,2.57142361676305,-0.375067944816657,-0.165429075333578,1.64228914473793,1.20972802156512,0.96597654567126
"96",1,-0.348394287647594,-0.102536647882105,-0.244389579611828,-0.047186011936179,0.56635985843212,-0.5342424682895,0.882141406744224,-1.52006213326337,-0.805310785983467,-2.33524220334387,0.148777125852417,0.206528099976698,-0.670590324633126,0.137965422115888,-0.992203637672302,0.188854887680225,-2.50950268097518,-0.00215234863169777,-0.969921154091545,-0.164042938233506
"97",-1,0.229234623401138,0.10531461017673,0.312560783258714,0.315376419896222,-0.89329892227202,0.795650185186411,1.32813585900247,-0.223130899473715,-0.613326866229447,-1.32984056926868,0.183200688760574,0.636570542677793,0.58287382780207,0.920941376929091,1.68602468832813,-0.153043853138232,-1.70631042536038,0.527887385154963,0.307451223029198,2.0923480662483
"98",1,-0.215071953328424,-0.225723073631562,0.450281762646774,-1.11578733267321,0.466427237757911,-0.288149365700551,-1.45983103406255,0.950445678934262,0.084968966136518,0.590144123761842,-1.87192773011397,-0.525054078429923,-0.237066931477203,0.253868052193284,-0.820631098169209,-2.84978599784145,0.773309938720723,0.872389493894989,-1.97115830796757,-0.178283425305048
"99",-1,0.0882492342342897,-0.581503168766706,-0.125685281235587,-0.363583274611876,0.641680182217483,-0.69034632718347,0.849479706862677,0.0430866843264759,0.133514112804111,1.24569598697945,-2.30054309112436,0.771659326297062,0.659444518233753,-0.897817903730269,-2.29581576717047,-1.16324855922516,-0.147678050593035,-1.34749455842984,0.382863968756566,-0.280569954719482
"100",-1,-1.14910099981264,0.458976703952656,0.247818034730464,1.34343210372307,-0.00381950195278045,-1.89150906865725,0.511193549500798,-0.721974619836542,0.511591365225535,-0.0550109919184311,0.382309590039921,-0.0527364707588001,-1.84107774039106,-0.964287034046702,-0.50970565456249,0.952831836626127,1.0134617824524,-0.797057953694724,-0.981163257151123,0.674881936786178
